filename, with_mask, without_mask
36_jpg.rf.f8cae312e521642903aebba62287cdd4.jpg, 0, 1
27_jpg.rf.f9c1fe6dece8e2503e29dab3684d2edb.jpg, 0, 1
233_jpg.rf.f9ca0e89c624de3cf38df7c3b79c31ab.jpg, 0, 1
373_jpg.rf.f9f4e4c155c3e0092bab762f4667ce93.jpg, 0, 1
48-with-mask_jpg.rf.fa1f87003e141fea4aaa692988d6fd2c.jpg, 1, 0
328_jpg.rf.fa3a0fa47aa24443c8e13aa573f8bd0e.jpg, 0, 1
46-with-mask_jpg.rf.fad172c9f948deab6713874d4cce550e.jpg, 1, 0
26-with-mask_jpg.rf.fb2a4fd14461ba4e7d981f51d994136b.jpg, 1, 0
66_jpg.rf.fb48333563aba0cd06afba343f625d98.jpg, 0, 1
29-with-mask_jpg.rf.fb9ecac8d3dc335a43b79a94385e4476.jpg, 1, 0
206-with-mask_jpg.rf.fbde45f841c286f89c7ab2e50ecbedec.jpg, 1, 0
335-with-mask_jpg.rf.fc16b052f3ff037c37b148ec8455161d.jpg, 1, 0
augmented_image_200_jpg.rf.fd2846b378ee4d5641aaaa302989f4c3.jpg, 0, 1
augmented_image_286_jpg.rf.fcc88b24072773331b0d67ca09f57bc0.jpg, 1, 0
293-with-mask_jpg.rf.fd6b26b97349e6d4e11e690e147aab9d.jpg, 1, 0
255_jpg.rf.fecd634214aac54d09bb5703dde590e6.jpg, 0, 1
132_jpg.rf.fd3122ced27f49d8b837ed77b579fbda.jpg, 0, 1
177-with-mask_jpg.rf.ff5eedf9aa9f918c978c3450b5af8bab.jpg, 1, 0
240_jpg.rf.fde97a17c0c0d3f5265917184ac19ffa.jpg, 0, 1
278_jpg.rf.fe9f42a57fd8f88d6b7ef0bff70f9f5e.jpg, 0, 1
404-with-mask_jpg.rf.ff7d043b25d12560f41fcc1b1473796a.jpg, 1, 0
132-with-mask_jpg.rf.ffdeee28219adf7bcdac06f33367dddb.jpg, 1, 0
169_jpg.rf.ff22cefa70c5ee16716cff81c155e17f.jpg, 0, 1
236-with-mask_jpg.rf.ffeecd3db683ebf4bf5fa844fb759433.jpg, 1, 0
augmented_image_103_jpg.rf.21c597d7dbc6a004664335642df905ef.jpg, 1, 0
274-with-mask_jpg.rf.21e220e8b6ec3f8a6bce335e8592aa63.jpg, 1, 0
384_jpg.rf.21e8d57c9c5e9ce6a671cb10a8c82ca2.jpg, 0, 1
415_jpg.rf.222b966794c24192deba3ec3acc5907f.jpg, 0, 1
253-with-mask_jpg.rf.22470f482cc4e9d03021195d5e6d1c6e.jpg, 1, 0
52_jpg.rf.2253cb396400c20eddac09d9dadbcbe6.jpg, 0, 1
366-with-mask_jpg.rf.227a82890097ee0e04ea728255c34294.jpg, 1, 0
52-with-mask_jpg.rf.22e676a7165c51f5e08ec6493bf78b09.jpg, 1, 0
augmented_image_107_jpg.rf.2318479aa62a172fc2ee400f5fdb2699.jpg, 1, 0
augmented_image_218_jpg.rf.23a27c127c64be81bf96042c23461aba.jpg, 1, 0
augmented_image_46_jpg.rf.23a34fbaf34d1f1b4b2c6ae6c41b5bf8.jpg, 1, 0
148_jpg.rf.23be326cfdc9a7b924b7a003aeaa7543.jpg, 0, 1
86_jpg.rf.23d8932d083e65278c44a2e5be25b031.jpg, 0, 1
143-with-mask_jpg.rf.2483f19e95f4787ca74eddecb5f89765.jpg, 1, 0
117_jpg.rf.249772c53644287979152c89e6321e0b.jpg, 0, 1
231-with-mask_jpg.rf.24ab2ac656c9217fe5b93c7e67a4d766.jpg, 1, 0
augmented_image_250_jpg.rf.250b056ace03fe399bb735928bae14ab.jpg, 0, 1
454-with-mask_jpg.rf.2545afa95fc8703898fb63406ffae432.jpg, 1, 0
115-with-mask_jpg.rf.2587e76e78b2da491e55a67d3d013f35.jpg, 1, 0
augmented_image_305_jpg.rf.254ca20ad1a9b158dcd716673c1eb473.jpg, 1, 0
augmented_image_240_jpg.rf.25c2b2ecf4161419f61867d92f8b4223.jpg, 0, 1
augmented_image_66_jpg.rf.25e40a8a21bba839414da4844c4e5499.jpg, 1, 0
78-with-mask_jpg.rf.268ff3ab7b6ff0a08eb2b64f4deb4ce0.jpg, 1, 0
148-with-mask_jpg.rf.26339198bf8c8f376c986e74cdf7a167.jpg, 1, 0
342-with-mask_jpg.rf.281afa3b23fa8f51ee325d2b0f0c19ec.jpg, 1, 0
65-with-mask_jpg.rf.28c3c2994ff1692185fbeff1f09b87a7.jpg, 1, 0
143_jpg.rf.2d51fd1743a463c21d208cde2341fae1.jpg, 0, 1
augmented_image_200_jpg.rf.27f4f9cbeb20095683256c2203d3952f.jpg, 1, 0
385-with-mask_jpg.rf.2771232862ca62dc2bde8747220095d1.jpg, 1, 0
augmented_image_310_jpg.rf.26e87d4e70e8c0aec5af94536a9236ea.jpg, 1, 0
86-with-mask_jpg.rf.26d0026870a2494cb3b2095cf71d218c.jpg, 1, 0
87_jpg.rf.27f66964a36e35efdd240dfdf47c925c.jpg, 0, 1
134-with-mask_jpg.rf.2a22de5cfe881b04acd4ab908e54bdc2.jpg, 1, 0
augmented_image_2_jpg.rf.2cc1af39e38075bb5c9df397056678a9.jpg, 1, 0
0-with-mask_jpg.rf.2dd114e4f143ba8bf221a0377529b7a5.jpg, 1, 0
augmented_image_133_jpg.rf.290957a317389a1093b3308049fdf041.jpg, 1, 0
augmented_image_85_jpg.rf.2dd1c82bb68aa835781b2d8beec190f8.jpg, 1, 0
0_jpg.rf.2bfbd6a3b285a3a25505d2c37cdcc11d.jpg, 0, 1
16-with-mask_jpg.rf.2646ca80b97a83510b06a8e301ca8735.jpg, 1, 0
387-with-mask_jpg.rf.29b1fcfaa56eba9b2792757eb9faae53.jpg, 1, 0
augmented_image_187_jpg.rf.276c3eec0e09bf80d427ce9726c3fbec.jpg, 0, 1
augmented_image_221_jpg.rf.2da12547ac5c061ac50bd193a42d2698.jpg, 0, 1
165-with-mask_jpg.rf.273adf78e9413f67216728970bd84034.jpg, 1, 0
445-with-mask_jpg.rf.27fe48693ed49b840224aa4d55e78346.jpg, 1, 0
augmented_image_138_jpg.rf.29eac45ae7d761cc8dd1166d51d49305.jpg, 1, 0
449-with-mask_jpg.rf.2e2c77395bf4b294758a227e0836faa3.jpg, 1, 0
18_jpg.rf.2922b2e822ecc027c5fc8ff6baefdccc.jpg, 0, 1
augmented_image_181_jpg.rf.2e1e2bfdd6f9248edaf87ba43d5e8bc0.jpg, 1, 0
47-with-mask_jpg.rf.2c83ededa80c4da242ca11b0200ef1a9.jpg, 1, 0
150-with-mask_jpg.rf.2f1c22a68212fe06609daf529649d8e6.jpg, 1, 0
160_jpg.rf.2e6796729ab95678bb9c239f6eba7a18.jpg, 0, 1
242_jpg.rf.2fb20a2b4e56e087f6cad3d3d129ef70.jpg, 0, 1
176-with-mask_jpg.rf.2f56b65734c146bfe5239af93a5ce7ed.jpg, 1, 0
augmented_image_224_jpg.rf.2e9f2edce8c8cfe3d7436eb865982c8e.jpg, 0, 1
augmented_image_91_jpg.rf.2e414c7971bc8830a50992933014e991.jpg, 0, 1
273-with-mask_jpg.rf.32858e5c32ce0f1d47f9816e439cce09.jpg, 1, 0
183-with-mask_jpg.rf.313dfe918c9384f9ceff946af6050306.jpg, 1, 0
375_jpg.rf.30e8424ba68380fca5c9eab9147b970a.jpg, 0, 1
augmented_image_163_jpg.rf.2e70cb9c8dca6c773f2c2b26f28ca701.jpg, 0, 1
428_jpg.rf.344a1d3c93c0dc91dc2101fa03b20bc3.jpg, 0, 1
84_jpg.rf.30ea6af11d8069be36a0d8a23064eb89.jpg, 0, 1
augmented_image_33_jpg.rf.366cd242838fe9d0e2663dacf8e71f82.jpg, 0, 1
478-with-mask_jpg.rf.32ed207dedf9d4aeb37ca0ed5edd5fc9.jpg, 1, 0
pra2_jpg.rf.30d0d377f77cad33435176ca2ff32f43.jpg, 1, 0
augmented_image_57_jpg.rf.35ee686b562c7ab999c1852c7cef16f1.jpg, 1, 0
augmented_image_97_jpg.rf.313e7a13e1f6ecf65205453eca6caae5.jpg, 0, 1
augmented_image_25_jpg.rf.338b7142d6db5f141ba2afc03f36969b.jpg, 0, 1
augmented_image_94_jpg.rf.349b71c8f1d4a420aef8217e3610394a.jpg, 0, 1
augmented_image_263_jpg.rf.311e248ff5ceb7f27de5e053a306bd72.jpg, 0, 1
augmented_image_5_jpg.rf.3437f30d4c633ddc330aecbe4731440d.jpg, 1, 0
57-with-mask_jpg.rf.34f0d46a7397c31101d09aa54c61e430.jpg, 1, 0
augmented_image_167_jpg.rf.33ea22fa609bd27ccdf7b0a84792bd09.jpg, 1, 0
augmented_image_67_jpg.rf.36268ca1f8c0acbb99d33a63ef461bf8.jpg, 0, 1
2-with-mask_jpg.rf.325d0177101edb8c618e9f87163ae7f8.jpg, 1, 0
283-with-mask_jpg.rf.36e928d29cd9e523f74cb7737bb74b45.jpg, 1, 0
287-with-mask_jpg.rf.37807be2536d133b74334d67332b90ea.jpg, 1, 0
167-with-mask_jpg.rf.374ec54a646455992fc2e55884a42625.jpg, 1, 0
475-with-mask_jpg.rf.33714a8580a80cef0552ed9742ffa039.jpg, 1, 0
455_jpg.rf.36b25acbec952f2aac13ba273e18c693.jpg, 0, 1
407-with-mask_jpg.rf.33b2263ae5c1e18d62fcaca4bce3002a.jpg, 1, 0
augmented_image_260_jpg.rf.370508c2969d7fb1b89d4d6ddc25a0ef.jpg, 0, 1
175_jpg.rf.36ca28078e5ee07d9bd1c7841485e9d0.jpg, 0, 1
107-with-mask_jpg.rf.31ce829ef50125faae8ffdafaf122d80.jpg, 1, 0
308-with-mask_jpg.rf.3440e71f903127fcd46eb4b626581597.jpg, 1, 0
158-with-mask_jpg.rf.373760c9dbf3d1dceb2009973ea42be6.jpg, 1, 0
319-with-mask_jpg.rf.38da540a64c2ab55165ded14c8b02c8b.jpg, 1, 0
97-with-mask_jpg.rf.3cca9f4e90feb10bf5a869421b8bb202.jpg, 1, 0
157_jpg.rf.3d20e7a6bfb1bdbd557044294ef8010d.jpg, 0, 1
192-with-mask_jpg.rf.3832c5c9bd63a8e9f9481f9fb5ba04c4.jpg, 1, 0
351_jpg.rf.38af84ba4c107e18b23d741140556462.jpg, 0, 1
augmented_image_164_jpg.rf.3dc8f700461139ae93bed54ffb90375d.jpg, 0, 1
13-with-mask_jpg.rf.3f70707aaf596885be28d4a087396a2f.jpg, 1, 0
376-with-mask_jpg.rf.390e352606e502cb077f339736b20ec9.jpg, 1, 0
11_jpg.rf.408dddfda9bf8e0ff8d7053ec90bea28.jpg, 0, 1
302-with-mask_jpg.rf.39497f6309e191de7fc1618be2169489.jpg, 1, 0
333-with-mask_jpg.rf.38ede001d8c11973d7d50808bc2d87f8.jpg, 1, 0
augmented_image_195_jpg.rf.3feae99b585d903bfe6d1a7fa3294bb7.jpg, 1, 0
284-with-mask_jpg.rf.3fa59c6f3a76a28d99489c7959da1b9d.jpg, 1, 0
444-with-mask_jpg.rf.3a95a0545444be20e866d1719834e37d.jpg, 1, 0
458-with-mask_jpg.rf.38ca369fed70fd029ebb4e7d19be1c7a.jpg, 1, 0
augmented_image_3_jpg.rf.3f09b72b64e8ff98a4cc5fe5973864a2.jpg, 0, 1
271_jpg.rf.38cc6f26d4fa15aa005c22c5ae6e9d5b.jpg, 0, 1
168-with-mask_jpg.rf.38dcd58a61259bec7749e07fc455a608.jpg, 1, 0
187_jpg.rf.395a4a7b2300c09af96ac3a5f316afe4.jpg, 0, 1
327_jpg.rf.4159e36cdcdc5fa0b60d07ecfe0ba469.jpg, 0, 1
augmented_image_202_jpg.rf.40283e07f727bfcc777f1fd67e41c090.jpg, 0, 1
augmented_image_11_jpg.rf.415a7a03ba1ea5b214779ec2294344a1.jpg, 1, 0
317_jpg.rf.3c6b3ab6fefd88cd9efa49724af60241.jpg, 0, 1
344_jpg.rf.40d14ba6bf4b122044269059c8d01120.jpg, 0, 1
augmented_image_55_jpg.rf.421450a6a693c73daebf520a723e3b3d.jpg, 1, 0
472-with-mask_jpg.rf.3b8c6a4d56a2082a31db6ce691174a4f.jpg, 1, 0
197_jpg.rf.396c11956908ca620af0e69bbbf750e7.jpg, 0, 1
392-with-mask_jpg.rf.38b9f489b6a961d4a315ea01588f0ade.jpg, 1, 0
232_jpg.rf.41c0131e2c288ac8666db6ff8435b92c.jpg, 0, 1
augmented_image_91_jpg.rf.3e951a4fc903606161a6455656035c18.jpg, 1, 0
387_jpg.rf.4285b5405592d6f3d9cbab564a8926da.jpg, 0, 1
augmented_image_254_jpg.rf.43f300cf15018e25950b66b67b0b7642.jpg, 1, 0
augmented_image_222_jpg.rf.41c0b786e1861f9a733283284e826b16.jpg, 0, 1
augmented_image_88_jpg.rf.4188d1a2291d67b46534c35f8b1f0acd.jpg, 1, 0
198-with-mask_jpg.rf.43d22bb7565abe74172d0de975a5e505.jpg, 1, 0
augmented_image_58_jpg.rf.45f882666b213db37d681552008f5a74.jpg, 0, 1
augmented_image_0_jpg.rf.432642e885a13f62220cf5c08f7db2f8.jpg, 1, 0
446_jpg.rf.41c791dc7ac6b106b60d9f0e9547f992.jpg, 0, 1
augmented_image_149_jpg.rf.43a52a3533b7247bfb5fcd99f539016b.jpg, 1, 0
202-with-mask_jpg.rf.466489ee621957011d50d442407a8f61.jpg, 1, 0
306-with-mask_jpg.rf.46674e7c4d8629e5b0ae727113413449.jpg, 1, 0
292_jpg.rf.469f44accede4d6bfaa598a9ffcaa065.jpg, 0, 1
augmented_image_311_jpg.rf.47111e106e40de102afcdcfdafdf2ca4.jpg, 1, 0
augmented_image_204_jpg.rf.48b97f3ad1ea39aac8404b7b8f9c45c2.jpg, 0, 1
prajna_jpg.rf.4587baf20b6e904c89e63f6c4457803e.jpg, 1, 0
augmented_image_83_jpg.rf.454c65ed4afda21f16302d07ca3a8084.jpg, 1, 0
14-with-mask_jpg.rf.46c93d03a9179d895facb6c3d8470f59.jpg, 1, 0
augmented_image_170_jpg.rf.47671f85cdafabbc14d49bd3f660cb62.jpg, 0, 1
345-with-mask_jpg.rf.4a882bb8750ac154855804af16535543.jpg, 1, 0
augmented_image_54_jpg.rf.4a3506315ccf70ea7d059712fe8d2f57.jpg, 0, 1
245-with-mask_jpg.rf.4a23f32c8ee5827fc5efd997d4060ce8.jpg, 1, 0
175-with-mask_jpg.rf.47daa8816fad7801a020a3dc0b926b5c.jpg, 1, 0
368-with-mask_jpg.rf.489ab026af9b7f331d5e30e1cf0a4f9a.jpg, 1, 0
195_jpg.rf.47c63646ad497174e8b09f79f4618298.jpg, 0, 1
75-with-mask_jpg.rf.48fcbf8764db6205a8fad60c5f811594.jpg, 1, 0
augmented_image_113_jpg.rf.49e14864de256e6d4eefdc2b3c008cb8.jpg, 0, 1
augmented_image_38_jpg.rf.47b154d96dd1b5e3ee064fab952265e2.jpg, 0, 1
233-with-mask_jpg.rf.49cc8c4a9fae5fe6c799c56fc7e4b43f.jpg, 1, 0
139_jpg.rf.4c429807b5fd4e190c0a5cb1aeac10bd.jpg, 0, 1
91-with-mask_jpg.rf.4afa0281f2a4fbd8400a1cf925b67aba.jpg, 1, 0
augmented_image_184_jpg.rf.4cb68db68fd124a69f470d681c2ea9b3.jpg, 0, 1
135-with-mask_jpg.rf.4a65b298ee296c83817c404b3eacd746.jpg, 1, 0
augmented_image_77_jpg.rf.47755539e0f5c3de37ff54b472d172ef.jpg, 0, 1
augmented_image_131_jpg.rf.4acab9eda44098d5cc09fb2918bcd298.jpg, 1, 0
augmented_image_316_jpg.rf.4ef36df58b120e35c4757a019975067f.jpg, 0, 1
augmented_image_198_jpg.rf.50d30e658bf5e5efd8a9c962de29aa6f.jpg, 1, 0
9_jpg.rf.4df0acf2f4b838b88b4ab1bc2db93786.jpg, 0, 1
augmented_image_188_jpg.rf.53099f6fdd757923c1f1dce23e0ae4ba.jpg, 0, 1
450_jpg.rf.4fc6f385de97e17866949a5871bd4537.jpg, 0, 1
augmented_image_295_jpg.rf.4db198305334f1642eb145a88742723d.jpg, 0, 1
augmented_image_57_jpg.rf.4ddc38a3f265f7bb3f4b7ec64b8e4023.jpg, 0, 1
326_jpg.rf.51ce0ad99bf1106bd4dc0977b3123606.jpg, 0, 1
127_jpg.rf.4c965d3d6b91334f8cfe4f9a33ce68fe.jpg, 0, 1
augmented_image_146_jpg.rf.4efaee994106590cd6503d9c84d3ea34.jpg, 1, 0
62_jpg.rf.5131cd140ba725c468d93e75e96cb93a.jpg, 0, 1
augmented_image_33_jpg.rf.53dfd627b2f1bb7f330187095b6ce41e.jpg, 1, 0
32_jpg.rf.51a96f63b972bed23d39ad9cb5ea5190.jpg, 0, 1
augmented_image_317_jpg.rf.4e8d530b2590c16f5975ab5e493f1b4f.jpg, 0, 1
32-with-mask_jpg.rf.5138faf66242ea1acd45b4c72d223a9e.jpg, 1, 0
327-with-mask_jpg.rf.4f14f1517391f0847d3744557e65314f.jpg, 1, 0
140_jpg.rf.54dc0733376caf0e57acd9e8b4810b8a.jpg, 0, 1
augmented_image_93_jpg.rf.53e7d23094c97315b6d5f6ccc53b40bc.jpg, 1, 0
291-with-mask_jpg.rf.53f32d373ec68ad5b9e40a23a1958508.jpg, 1, 0
augmented_image_151_jpg.rf.54d07a7acdabaffb5638cdd5d3da9f23.jpg, 1, 0
augmented_image_60_jpg.rf.51cb31c44dac75f4744e88c3f9088558.jpg, 1, 0
185-with-mask_jpg.rf.4fbf481d7141bb9518b3a33df8b196b2.jpg, 1, 0
177_jpg.rf.55b33c495d98b8c6f5bdbcd46007d23f.jpg, 0, 1
213_jpg.rf.55dcfecb554bd4aec31804e42d71695c.jpg, 0, 1
augmented_image_178_jpg.rf.56725929b2fd55b8444e67eb382c10a0.jpg, 0, 1
56-with-mask_jpg.rf.5609ab16d22b3af60ce29ea01d46dc52.jpg, 1, 0
augmented_image_152_jpg.rf.5528230b0c7de5265a594cdedb5a0764.jpg, 1, 0
29_jpg.rf.526f84dd5891f658ac45279a85958823.jpg, 0, 1
217-with-mask_jpg.rf.5905ae628222b16a7abb18dcc3b75fa9.jpg, 1, 0
474-with-mask_jpg.rf.5606adf332ff3c168f9b57b4678080b5.jpg, 1, 0
374-with-mask_jpg.rf.5949fbcac05fafa5573b16242f3af8ba.jpg, 1, 0
251_jpg.rf.560e8b359caed5a29e679b30aa5079ec.jpg, 0, 1
269_jpg.rf.48e657b311fc2af5a91b3b687583d031.jpg, 0, 1
316_jpg.rf.57ed21322575662afa906facbcad4dbe.jpg, 0, 1
augmented_image_127_jpg.rf.563d83ed130cd654596e0901197a2086.jpg, 0, 1
augmented_image_252_jpg.rf.56bcea9556680fdcb902c7a8baf08090.jpg, 1, 0
466-with-mask_jpg.rf.571286bfb1ffbde3951cb73d0a588f4b.jpg, 1, 0
282-with-mask_jpg.rf.59e50d5d25957493d2b6d5730c812389.jpg, 1, 0
297-with-mask_jpg.rf.5550c5c80b3db981ea6d5c8c990442e6.jpg, 1, 0
239-with-mask_jpg.rf.5975bf5de96fac8aaa3d3ae537b9b045.jpg, 1, 0
340_jpg.rf.59260d616a5a74698b74dcb77565f36e.jpg, 0, 1
augmented_image_264_jpg.rf.5a9803affb927c5649abdb92420f1622.jpg, 1, 0
augmented_image_112_jpg.rf.5bee8562dae1449e4355869f3b06376e.jpg, 1, 0
204_jpg.rf.5d05cd5438cc83765448ae3c7988ebe6.jpg, 0, 1
augmented_image_232_jpg.rf.5b4ac8f90ec6a316ceb9b4d377e2adc8.jpg, 0, 1
augmented_image_232_jpg.rf.5eaa4ffe0f89c53d67b98b2b93eed757.jpg, 1, 0
augmented_image_174_jpg.rf.5aa07f4b5e64e8d93831f7664354a3dc.jpg, 0, 1
augmented_image_96_jpg.rf.5e20931f355300ce94775986d58cf801.jpg, 0, 1
augmented_image_245_jpg.rf.5d407653a80613844da6fa8088b32b76.jpg, 0, 1
357-with-mask_jpg.rf.59ee57509a194200f94db4881f591512.jpg, 1, 0
augmented_image_19_jpg.rf.59f1d851b84164c805fe610263e8e814.jpg, 1, 0
362-with-mask_jpg.rf.5c3497ab05dfc6a472566855cbf3c2b7.jpg, 1, 0
181_jpg.rf.5d28f179686ea95e538c97db33ef8158.jpg, 0, 1
361_jpg.rf.6151920a19b8b835909e77796fc78032.jpg, 0, 1
246_jpg.rf.5ddba51bdf506196262d82db038162d6.jpg, 0, 1
160-with-mask_jpg.rf.59e740c50029ef86f515ea183ab9af7e.jpg, 1, 0
augmented_image_295_jpg.rf.60a9871363e5c0d0476c344b3d7f0fec.jpg, 1, 0
16_jpg.rf.5fb6e07c0786c7c062c78eafda41c80e.jpg, 0, 1
131_jpg.rf.6163d3dd74e589493e6f139a41566364.jpg, 0, 1
392_jpg.rf.5e7fcb9eba18039cd30aaef56246308d.jpg, 0, 1
augmented_image_209_jpg.rf.60655b6f19e9b207e8a2c5087f66a690.jpg, 1, 0
251-with-mask_jpg.rf.5eeace15e78d601fa28d775e14a1d247.jpg, 1, 0
249_jpg.rf.5fbd27daa63a5f62d10d6cf0e354a402.jpg, 0, 1
augmented_image_141_jpg.rf.60a6fe71d26c3c6e89e8b45ac5814eec.jpg, 0, 1
augmented_image_123_jpg.rf.5e6941c28aec4a6bd40b46e0e6f2aff2.jpg, 0, 1
31-with-mask_jpg.rf.581fbd4c4c8facd32db9405c33b2aecf.jpg, 1, 0
augmented_image_78_jpg.rf.5e94b0949143749fbc2267f5beb90d8c.jpg, 1, 0
8-with-mask_jpg.rf.61a7ef64581350996a7576d8811f240b.jpg, 1, 0
1_jpg.rf.63d85e1c020e199b8b0c7da817129314.jpg, 0, 1
augmented_image_182_jpg.rf.59ed50aa6bec82c2b8ebc8846c549693.jpg, 0, 1
13_jpg.rf.636a58cd3c11a14e8a6fd5d29b231260.jpg, 0, 1
394_jpg.rf.635c8ba7284b95a7ef0de6d61dd70595.jpg, 0, 1
380-with-mask_jpg.rf.61770044cc57ee595b2f8c88496be49a.jpg, 1, 0
augmented_image_151_jpg.rf.6529941ae431bd037e79f128aa03d173.jpg, 0, 1
augmented_image_247_jpg.rf.666047d04609da4756a95bc1b6fb8fc5.jpg, 1, 0
120-with-mask_jpg.rf.626c307fd0e568263abc3bda30d0abfd.jpg, 1, 0
augmented_image_117_jpg.rf.6433692ef34560a302c92957c762909c.jpg, 0, 1
augmented_image_130_jpg.rf.65e56f923d809ef6a23f01fc50684d61.jpg, 1, 0
417_jpg.rf.64bed386d653f324066a9377a9dbbff8.jpg, 0, 1
37-with-mask_jpg.rf.64830ca535b48baac70efad45ff2c4a2.jpg, 1, 0
augmented_image_7_jpg.rf.65fe3d902c671d97709e0a840452a62d.jpg, 0, 1
augmented_image_223_jpg.rf.6583383eea00d05afc0894da1b37377d.jpg, 0, 1
196_jpg.rf.6287601dbf35f5d4060675028121682c.jpg, 0, 1
159_jpg.rf.6447072fe7c67d6f5f1fa0b17ddad4d3.jpg, 0, 1
70-with-mask_jpg.rf.62cfcd12e752d0c71e8696d1d128a7b1.jpg, 1, 0
125-with-mask_jpg.rf.65a02433a61fc70427d594e464425fc5.jpg, 1, 0
106-with-mask_jpg.rf.61ff5a31b563bb52deb449face22804c.jpg, 1, 0
augmented_image_215_jpg.rf.663896792c30c63e7b9a79b0beafda73.jpg, 1, 0
augmented_image_112_jpg.rf.61b8e8f0276018375ea38bd7c5d68f22.jpg, 0, 1
augmented_image_64_jpg.rf.64387d0104c96abd51554b4cc5978c14.jpg, 1, 0
94-with-mask_jpg.rf.662ea506c648a9904863f3d9b7ad100a.jpg, 1, 0
261_jpg.rf.667fb94c25df8534055305dff2082c66.jpg, 0, 1
305-with-mask_jpg.rf.65c190086fbfb468313020747f072485.jpg, 1, 0
159-with-mask_jpg.rf.665b51ed3d3496e6966e7d705a149fa3.jpg, 1, 0
augmented_image_125_jpg.rf.66e7fe42239a4c65f7154263676381ed.jpg, 1, 0
augmented_image_68_jpg.rf.66c59524cc133f9c1266db2b8fcbb553.jpg, 1, 0
479-with-mask_jpg.rf.66808df9c64bd3dd51d70a5590b70349.jpg, 1, 0
190-with-mask_jpg.rf.674a23f700e4fdcd13a10c65212e9857.jpg, 1, 0
215-with-mask_jpg.rf.67f1ad6e02b22c4d9486eb741b6d64c3.jpg, 1, 0
348_jpg.rf.67bd8b6eabbf29232a1aada6442763b2.jpg, 0, 1
390-with-mask_jpg.rf.679b432e683b0139f45a9bac4207b711.jpg, 1, 0
102_jpg.rf.684bc46262ec17588cf066cc79f12876.jpg, 0, 1
augmented_image_316_jpg.rf.686fe62c2153bc9d8e21acea7ac5fc95.jpg, 1, 0
443-with-mask_jpg.rf.68976fc8f96db4928daa89a10b7d881a.jpg, 1, 0
augmented_image_135_jpg.rf.68deaa831929f477bed28f54935d104f.jpg, 0, 1
augmented_image_199_jpg.rf.6947478c0f4795674d6b6ea7198da70d.jpg, 0, 1
augmented_image_12_jpg.rf.69483045adace93e0bfad0653fb9c70f.jpg, 1, 0
23-with-mask_jpg.rf.6a0671556809405215d3a00f53d3c8a7.jpg, 1, 0
383_jpg.rf.6a1e2e4874b6dc20dc79509e5756ae2a.jpg, 0, 1
463_jpg.rf.6a9e7621f9442eb5ee41f49f47e1b5f5.jpg, 0, 1
augmented_image_23_jpg.rf.6ab21d969ef3dd487ddf0d21ee54543c.jpg, 0, 1
164_jpg.rf.6ab941953d21fa787877b2a80eb31356.jpg, 0, 1
424-with-mask_jpg.rf.6b421c16964827d1beef9c5f7b683571.jpg, 1, 0
augmented_image_281_jpg.rf.6ace81522a3539f8d05ad5761e16105a.jpg, 0, 1
augmented_image_193_jpg.rf.6c3d47ac634245cd8952a0c2e1f70be8.jpg, 1, 0
69_jpg.rf.6e64e51acddfdc443ed443c93f69ca00.jpg, 0, 1
325-with-mask_jpg.rf.6e4a824ea755385e1970730f0bf10c37.jpg, 1, 0
234_jpg.rf.6b775f80b0fa6bb241de0b9dd3bbc51a.jpg, 0, 1
12_jpg.rf.6d302ddd329ffb60d6d71e9c4fe3d9fe.jpg, 0, 1
154-with-mask_jpg.rf.6e5700d6758b364948acdd29d37af0d5.jpg, 1, 0
augmented_image_244_jpg.rf.6f00de6cd7fee90fcbcd893aad287ee2.jpg, 1, 0
334_jpg.rf.6e65212755c1414c9b67cd858e367b66.jpg, 0, 1
augmented_image_285_jpg.rf.6ed8b4189c0381d715c40ecf00ed50c7.jpg, 1, 0
151-with-mask_jpg.rf.701d7419942f46a59ce013c2306424b6.jpg, 1, 0
155_jpg.rf.729e95e6be5c15593cd96346bc826bee.jpg, 0, 1
141_jpg.rf.6fd9ca45d03d9b39fa3200e7ae3c66a5.jpg, 0, 1
465_jpg.rf.72949cc405427e48ebfc89942557c429.jpg, 0, 1
73_jpg.rf.710713438671d17d0da8e44cbd9c98e9.jpg, 0, 1
406-with-mask_jpg.rf.71b5450c0c8d9a246b388ef929ce820f.jpg, 1, 0
259_jpg.rf.71b57ca1214d35694baac641f5663688.jpg, 0, 1
70_jpg.rf.7371b19ff1a0946d30525a0a8c503070.jpg, 0, 1
349_jpg.rf.74f762a40d7842b06dc4730db89f3f3e.jpg, 0, 1
augmented_image_62_jpg.rf.75faa61ad82013e29fc8d94a3de0a93a.jpg, 1, 0
149_jpg.rf.72fdca38492c8cb4800ff578cbf61921.jpg, 0, 1
7_jpg.rf.74101faeef943056f1c16cf065ad2dc0.jpg, 0, 1
88-with-mask_jpg.rf.7214b9daf1f8a381236d936625070a71.jpg, 1, 0
augmented_image_99_jpg.rf.7254af8f8030ba8c8f79e9c32f2c71dd.jpg, 0, 1
augmented_image_117_jpg.rf.735b6acf13527aed8ea051217d811f3a.jpg, 1, 0
309-with-mask_jpg.rf.7361f458fbbc8d6518077848facab57e.jpg, 1, 0
65_jpg.rf.76547a7579fba8d0feafba3cf35380a5.jpg, 0, 1
455-with-mask_jpg.rf.7383f17246494c6110ca609cb3364585.jpg, 1, 0
augmented_image_37_jpg.rf.749a2362ff97ac33c3d857437a4bfcac.jpg, 1, 0
augmented_image_104_jpg.rf.6cbb09a37272344186de89b325b90e2f.jpg, 1, 0
93-with-mask_jpg.rf.732a07edea50e49b79ff6be202a5f571.jpg, 1, 0
augmented_image_12_jpg.rf.6c96636eacf3de9930682b2645ca10ad.jpg, 0, 1
405_jpg.rf.74a35b7b618e1513d0efe645342a2e06.jpg, 0, 1
93_jpg.rf.7640b78baf16a81e9b540bcb3c53b918.jpg, 0, 1
augmented_image_255_jpg.rf.701f90fab11c66eab4bdc13efd987cda.jpg, 0, 1
235-with-mask_jpg.rf.72b30e328443370be300d94cc72b6056.jpg, 1, 0
447_jpg.rf.768221bfc2f311025ef779d6ccc3011f.jpg, 0, 1
137-with-mask_jpg.rf.7663cdc158e19d58f551f6b82a479948.jpg, 1, 0
451_jpg.rf.77973814fe0160b09a1bb6e64fd719a0.jpg, 0, 1
334-with-mask_jpg.rf.77a9cd3d5269cbb9df80c5fd654c186a.jpg, 1, 0
295_jpg.rf.72791100459bde9d0a2632657e7c197a.jpg, 0, 1
411-with-mask_jpg.rf.7a2eaef86dbeaa122cbd0686942e5e71.jpg, 1, 0
augmented_image_279_jpg.rf.79f987135da5f8bd2fcc6381026a30a9.jpg, 0, 1
augmented_image_100_jpg.rf.7cdaa83d562cb94048af68e9906da06e.jpg, 1, 0
187-with-mask_jpg.rf.793e52cd0f14855194cde3b4de870b60.jpg, 1, 0
augmented_image_304_jpg.rf.78f4d6491468db06f4bcf13a109a4f1e.jpg, 0, 1
augmented_image_27_jpg.rf.7abc2125af5874df9e728f3efbd341f8.jpg, 1, 0
288-with-mask_jpg.rf.79959b7019e50af980b2616df2811217.jpg, 1, 0
307-with-mask_jpg.rf.79c7d15946dec77906827af62b3b75c9.jpg, 1, 0
augmented_image_192_jpg.rf.7bab28dfaace7c996262e6e3993889c8.jpg, 0, 1
475_jpg.rf.7ec54bd60e751ded6ce1fe31b7e6636f.jpg, 0, 1
augmented_image_160_jpg.rf.7e77bbd555327cf14302a712076ac212.jpg, 1, 0
432_jpg.rf.7b94de47cb70260b58e8bf2530f8a21a.jpg, 0, 1
214_jpg.rf.7bbd839ccbf84174a48da19300e69ff1.jpg, 0, 1
330_jpg.rf.7c3630e9808e31306ab3f99c1cc7d95d.jpg, 0, 1
215_jpg.rf.77c484b5ef7341c474f0af751b148621.jpg, 0, 1
augmented_image_191_jpg.rf.7d021c100852ee7a12599a752da65452.jpg, 1, 0
272-with-mask_jpg.rf.7e9a54450207dd78248bdd7af804943c.jpg, 1, 0
433-with-mask_jpg.rf.7cef70c82481cb0b37724781d31bec4a.jpg, 1, 0
augmented_image_96_jpg.rf.7c2296313e22abe8a0760be1a63cb37d.jpg, 1, 0
augmented_image_84_jpg.rf.79c89568fe4e0a1a12fa1fe1eca81e56.jpg, 0, 1
304-with-mask_jpg.rf.7e5e3026984c3b46e39d3f305effe749.jpg, 1, 0
294_jpg.rf.80b6c1944e4b102493af03fc14d82911.jpg, 0, 1
augmented_image_284_jpg.rf.7ef2a48efdda62dd3464aa94e6486be9.jpg, 0, 1
180-with-mask_jpg.rf.81c26b62f12f35c611163cb03eb635c4.jpg, 1, 0
augmented_image_109_jpg.rf.8046ce5a824b3cccbb24e3e10f50827e.jpg, 1, 0
augmented_image_26_jpg.rf.82efe2779ce020192b0fc85ade159e55.jpg, 1, 0
augmented_image_17_jpg.rf.844dd69569c9a3fefd639e2cf64492e4.jpg, 0, 1
augmented_image_69_jpg.rf.81c425377878437fbfdfb571de38a386.jpg, 0, 1
286-with-mask_jpg.rf.853a002012558588bf496057bb57ad1e.jpg, 1, 0
augmented_image_235_jpg.rf.8492dcdee5976b4845b292357b1133ee.jpg, 0, 1
augmented_image_80_jpg.rf.7faf0766912d507474509b928da15a72.jpg, 1, 0
263_jpg.rf.8330564778ed0306b5c776d54aea3611.jpg, 0, 1
39_jpg.rf.85f8e9a6c909f782197d627df2ee39bd.jpg, 0, 1
33_jpg.rf.84e42e586997407db1309fe537cab8aa.jpg, 0, 1
368_jpg.rf.82c310354f9fc2716fbee17880ebc032.jpg, 0, 1
augmented_image_253_jpg.rf.7a70c83ac70a9378ea469449b2eafa7b.jpg, 0, 1
3-with-mask_jpg.rf.851daba99bdebf1f877ba08b66ca6106.jpg, 1, 0
400-with-mask_jpg.rf.85bfc2c0dc274520e628990c71d0bc01.jpg, 1, 0
260_jpg.rf.80e77bd822270fd0611b544d65373494.jpg, 0, 1
407_jpg.rf.86361e6a265912e858c7c8ca4e915172.jpg, 0, 1
augmented_image_14_jpg.rf.7b06893f84386510df934f60bb42cffd.jpg, 0, 1
244-with-mask_jpg.rf.86c3156f16e038e768db03c94024868a.jpg, 1, 0
250_jpg.rf.82a45d74c581ca4802ff45763e71d6d5.jpg, 0, 1
augmented_image_102_jpg.rf.81cdbb5af829ac2228619a9296ccb188.jpg, 1, 0
412_jpg.rf.7e788d8899c498b71cb9318f8795302a.jpg, 0, 1
26_jpg.rf.8603bb999868bc79a56d9a7eaefd28f9.jpg, 0, 1
254-with-mask_jpg.rf.87f770ec30bc4b1ccc4a16358632a5b8.jpg, 1, 0
122_jpg.rf.86385c1ac35c50e4cf847ee29c1c3b94.jpg, 0, 1
324_jpg.rf.887df043cdf1b58bf16ecce92ad6e313.jpg, 0, 1
133-with-mask_jpg.rf.88cc06cae5bc947de6f5e2d02e61699d.jpg, 1, 0
99_jpg.rf.85a9146bf4fa6f9c3eca4db97de50b17.jpg, 0, 1
augmented_image_65_jpg.rf.8b09bd43fd4c6387c812bdb83f5c94fa.jpg, 1, 0
augmented_image_4_jpg.rf.86f268d7f2bfef2918a608e91941fc4d.jpg, 1, 0
92-with-mask_jpg.rf.88c1a2438e19df11af47d42cf8a04a4b.jpg, 1, 0
480_jpg.rf.8928b537429327a40eb04b651bc5ef9e.jpg, 0, 1
210_jpg.rf.8ce51708f940487936deee1d35e2c8e0.jpg, 0, 1
374_jpg.rf.8c0e88c5ce9e8d0d82304071a416b9a9.jpg, 0, 1
augmented_image_53_jpg.rf.87444ca0c364cf030e30e43624556dd8.jpg, 1, 0
211_jpg.rf.8b037d9a377a7dc54bd06069efd99ee5.jpg, 0, 1
56_jpg.rf.8b94a1170d2f414b368f91ee0aa1023d.jpg, 0, 1
24-with-mask_jpg.rf.88c0c0001d97cae5b9b25b7b6943038e.jpg, 1, 0
415-with-mask_jpg.rf.877f5cf864c6427faf1ba03089c77245.jpg, 1, 0
426_jpg.rf.8914b614c8ac0df05724e38c6c9c85b7.jpg, 0, 1
255-with-mask_jpg.rf.896be9433bb193aef2b906e177dba19e.jpg, 1, 0
228-with-mask_jpg.rf.8b64ddb24bcc002bcf8421609d752c91.jpg, 1, 0
155-with-mask_jpg.rf.8ab48cb7f473e7f4748452a39f670e69.jpg, 1, 0
200-with-mask_jpg.rf.8ea53f1540c222fb1463cf06297401ac.jpg, 1, 0
313-with-mask_jpg.rf.8d24f113695d4a4b1042da02e8e982ec.jpg, 1, 0
188_jpg.rf.8ac63a791284fa4bca9a861299aa5232.jpg, 0, 1
234-with-mask_jpg.rf.8e7483d201777599c142c699392f68ba.jpg, 1, 0
193-with-mask_jpg.rf.8d170b99027750e8f32976219845ccb0.jpg, 1, 0
353-with-mask_jpg.rf.8d7d6787e1d0cfa8d6d4ae4bc42e5079.jpg, 1, 0
458_jpg.rf.890ce73ca9c52a8d5f6f4a283e2d3116.jpg, 0, 1
218-with-mask_jpg.rf.87b582f2159a685b553dc6d4fdf58ad6.jpg, 1, 0
augmented_image_296_jpg.rf.8ed04a61cddbb8489c56138af00d051b.jpg, 1, 0
augmented_image_147_jpg.rf.8d4bf3d77d66872003309d6447208445.jpg, 0, 1
191_jpg.rf.90dc4f957eba4e7d8b5eaeb162ece68e.jpg, 0, 1
augmented_image_162_jpg.rf.90000f6cc93e7d0875e67520155fefdf.jpg, 1, 0
174-with-mask_jpg.rf.8ed4e60d1ff02aba25efe66981b5af48.jpg, 1, 0
augmented_image_7_jpg.rf.8d6fa4de086dcdecd7d8185a0a564eba.jpg, 1, 0
10_jpg.rf.8d9523b4c5aa79440bf03d419a7e5df8.jpg, 0, 1
291_jpg.rf.8c57e4708a02cc13d2445f421f118978.jpg, 0, 1
467_jpg.rf.9287417dc6f1ae538dfc4e3e931cdf55.jpg, 0, 1
augmented_image_214_jpg.rf.91c0bc95041db069a8abe61255305564.jpg, 0, 1
augmented_image_290_jpg.rf.8dd96ea99e02a79c1ac169c36c5cfb6d.jpg, 0, 1
augmented_image_219_jpg.rf.8f0139310a869cb9b682bee7f9b7ac60.jpg, 1, 0
augmented_image_134_jpg.rf.91409990e491fc5249ce3649e8efdd37.jpg, 1, 0
416_jpg.rf.7bca36e625d32a2ea510ba3d2290e213.jpg, 0, 1
453-with-mask_jpg.rf.8f85a0b3ed0d927e9ba9fd103c752e3e.jpg, 1, 0
augmented_image_228_jpg.rf.92d7e3d9fd776a1b556ea2f2d4e60831.jpg, 1, 0
439-with-mask_jpg.rf.92a4cfefeb53e62cfd124f04086f91e0.jpg, 1, 0
427_jpg.rf.92b7ec504fcf155f4599ceada4eae194.jpg, 0, 1
367_jpg.rf.925421480c9a09abf197dafe3dea1607.jpg, 0, 1
135_jpg.rf.91eda9e3beb4c38b513cddbd95056817.jpg, 0, 1
augmented_image_254_jpg.rf.8f89563e958779e33a0440b1598538c1.jpg, 0, 1
181-with-mask_jpg.rf.9503ddeb0cf344886f097591ccc2a0d7.jpg, 1, 0
396-with-mask_jpg.rf.91aa176a97288ac2564bea7d6116b7d5.jpg, 1, 0
augmented_image_215_jpg.rf.94d367af133a209e4d396eed284b16c0.jpg, 0, 1
109-with-mask_jpg.rf.9405d94fa2015e7b3e763f46253d6134.jpg, 1, 0
241-with-mask_jpg.rf.93cd94373975b5a2699e33d733cfd949.jpg, 1, 0
310_jpg.rf.91fb7e022c46867373867daed5b21eaa.jpg, 0, 1
398_jpg.rf.92c136855a0a10cb3ae452bb3917e57f.jpg, 0, 1
136-with-mask_jpg.rf.945897d70ab8b0a5bef18f10c50d53a2.jpg, 1, 0
augmented_image_219_jpg.rf.9563d1deedd5136047259004bace43a0.jpg, 0, 1
74_jpg.rf.95548b22b538193ba877ab0d12a3d904.jpg, 0, 1
augmented_image_18_jpg.rf.9639467fa3c98016510c13b799c3a1a9.jpg, 1, 0
augmented_image_196_jpg.rf.902cdd926ada61f4fb3e3df335530e6d.jpg, 1, 0
augmented_image_68_jpg.rf.973c4cd2deab9d300026c4a082e59f9b.jpg, 0, 1
augmented_image_119_jpg.rf.99d486828e4650fdf427b7bd6e28b7e8.jpg, 0, 1
58_jpg.rf.99abda341fa13dae13612f00d1294c56.jpg, 0, 1
247_jpg.rf.98681c24bd56d8becd147f40bde79c0b.jpg, 0, 1
augmented_image_223_jpg.rf.94de9effbd8a146c4718e14b9452f1b6.jpg, 1, 0
augmented_image_220_jpg.rf.9a41079ac4c7f9c760bbd6af94cd3d8f.jpg, 0, 1
163-with-mask_jpg.rf.9a12bb1d2bbec75e6792c397b52fd143.jpg, 1, 0
44_jpg.rf.9b1193c09db45eb2276310ca56f6e194.jpg, 0, 1
296-with-mask_jpg.rf.96f5312fd9cd696add8af1b7dd150300.jpg, 1, 0
augmented_image_176_jpg.rf.9418f1acbbf939dc74a5679eea81469e.jpg, 0, 1
94_jpg.rf.98c895cce426bf7c7f2e3cad20109b28.jpg, 0, 1
97_jpg.rf.9699c9428367f58338af81da0a5ff7d1.jpg, 0, 1
18-with-mask_jpg.rf.9838579010000f8eee5ac80bab552f61.jpg, 1, 0
49-with-mask_jpg.rf.97a60a9e076c1f86537bcf465cb7386f.jpg, 1, 0
11-with-mask_jpg.rf.95c951e833273a93ada4425a12cc25ec.jpg, 1, 0
269-with-mask_jpg.rf.9a3d207536505986ddf64e5064966675.jpg, 1, 0
146-with-mask_jpg.rf.9ad26e7204eb3b0775b395fe263d2855.jpg, 1, 0
420-with-mask_jpg.rf.977c15b833ff6bc84f971b4f19bdf72c.jpg, 1, 0
299_jpg.rf.9ab615ed1136445f92c028830d18c956.jpg, 0, 1
314-with-mask_jpg.rf.9bc0c6315c0b8d833c71d86e1ea6b202.jpg, 1, 0
198_jpg.rf.9b44353fabe8a87ffaa5323f8a293ba3.jpg, 0, 1
augmented_image_278_jpg.rf.9c5927ee2551ea116ecad61a9ead963c.jpg, 0, 1
393_jpg.rf.9ba338d1f55e3b3b68c48fa42f16dd06.jpg, 0, 1
7-with-mask_jpg.rf.985b789702c1e1877cf0ef2a7a14461d.jpg, 1, 0
442_jpg.rf.9fdec69de409c8cdfabd2fd077cb2bec.jpg, 0, 1
54_jpg.rf.9c76abc1f4417a30a65028591fdb01fa.jpg, 0, 1
459-with-mask_jpg.rf.9d20fd7494e3c50c28b75ac285744e6d.jpg, 1, 0
augmented_image_314_jpg.rf.9e19a74659b156919df74e61349f5aed.jpg, 1, 0
212_jpg.rf.9fc76e2ee65b54561163cae1519429a7.jpg, 0, 1
augmented_image_156_jpg.rf.9da0c0c4b247c309d19be6aeedf4ab5e.jpg, 1, 0
augmented_image_166_jpg.rf.9e969362677e8a66c35337599c562dc2.jpg, 0, 1
augmented_image_120_jpg.rf.9ef9926259321815f1d122280887f743.jpg, 0, 1
382-with-mask_jpg.rf.a0b8b052e034360e355ceb78c83f7fbc.jpg, 1, 0
augmented_image_43_jpg.rf.9b3a01a8fe7c774ab8911987deffd903.jpg, 1, 0
64_jpg.rf.9eee2c7e1f2b2168928c9a332621e1dc.jpg, 0, 1
101-with-mask_jpg.rf.9c83e9895874ce3eb0ac4e1b12c45488.jpg, 1, 0
augmented_image_235_jpg.rf.a0e5077857cfd157bd873b50b0d29667.jpg, 1, 0
augmented_image_113_jpg.rf.a0f0d4cc82bbc74c16805d5c2366be70.jpg, 1, 0
133_jpg.rf.a20d596159b3e5395b96903578d2a513.jpg, 0, 1
84-with-mask_jpg.rf.9fa0a41846b0db4d08d769152f8bb65c.jpg, 1, 0
460_jpg.rf.9cfd956e3de879c7b2cdc49466b13926.jpg, 0, 1
352_jpg.rf.a07b5f7ffc349f9bef164df71d7839e5.jpg, 0, 1
336-with-mask_jpg.rf.a2cad68808d7a5ae93bc5b7d38a28769.jpg, 1, 0
augmented_image_315_jpg.rf.9dfd316ca6b0c5aa38d4aeba6aedd646.jpg, 0, 1
426-with-mask_jpg.rf.a371ce566b166e448afbec81e42f0e57.jpg, 1, 0
318-with-mask_jpg.rf.9f02429b8c14eb41bc8c11f420ec14fb.jpg, 1, 0
418-with-mask_jpg.rf.a3968eb2ffcf3e736ecf76c9cb9b4058.jpg, 1, 0
augmented_image_158_jpg.rf.9fc2f6120209f61671760c8ebcab0722.jpg, 0, 1
augmented_image_150_jpg.rf.a08b8479eef9800013ed3a76d6d87f5f.jpg, 1, 0
128_jpg.rf.a4f5d3fca70323d12b7ef662d1330569.jpg, 0, 1
augmented_image_101_jpg.rf.a1e91a6a6e3afd0a7dfa8dfdc6044aeb.jpg, 0, 1
326-with-mask_jpg.rf.a27288518f40510b3d842ed7d9ae382c.jpg, 1, 0
440-with-mask_jpg.rf.a551f835a350f0eff1c103bd512c8b34.jpg, 1, 0
295-with-mask_jpg.rf.a4edbcbb286971e854fd1feed8c94f1f.jpg, 1, 0
augmented_image_30_jpg.rf.a3a18ed4e56892d1145b22275cce6c34.jpg, 0, 1
augmented_image_92_jpg.rf.a4a5a5209d12470a6355ee312ee15ac1.jpg, 0, 1
augmented_image_153_jpg.rf.a60826892d4458d6553082a14eac7bd7.jpg, 1, 0
365_jpg.rf.a6b6b1ce1e30872c685103e7db12c90b.jpg, 0, 1
augmented_image_58_jpg.rf.a62a369b5838d382a4aa031dfca3a283.jpg, 1, 0
398-with-mask_jpg.rf.a3611a373435b9cde0aa631b31042588.jpg, 1, 0
329_jpg.rf.a68708adde7d3e4fd338188c3c9a1e1a.jpg, 0, 1
augmented_image_180_jpg.rf.a7472706ae209661d3f6824634d67cf0.jpg, 0, 1
197-with-mask_jpg.rf.a5b0249c50ceb00c4393cfc148e9ec69.jpg, 1, 0
augmented_image_79_jpg.rf.a6399186c691c56814d38ea23b758077.jpg, 0, 1
457_jpg.rf.a021ed8d224902de652e0ffa37c18d71.jpg, 0, 1
augmented_image_31_jpg.rf.a420040ba853eb2f44c313d960cc4bd6.jpg, 0, 1
37_jpg.rf.a42cd221bafb7e874313551750bd4dda.jpg, 0, 1
augmented_image_162_jpg.rf.a89a2c39f1d8b7d549720b803ffed023.jpg, 0, 1
339-with-mask_jpg.rf.a92c163d29bb8e0b23275115f8feac89.jpg, 1, 0
441-with-mask_jpg.rf.a75abb78a3852e4dd65c3532c3461184.jpg, 1, 0
156-with-mask_jpg.rf.a8a602acab6e317bdbe7cd1d3f5934c0.jpg, 1, 0
40_jpg.rf.a8fa52e42a439c7e157243bcdd2712c4.jpg, 0, 1
augmented_image_176_jpg.rf.a707bd085491cc7a8839f96ab9c6ca89.jpg, 1, 0
augmented_image_37_jpg.rf.a8209e49c427e7618a8202a39fa3ab18.jpg, 0, 1
46_jpg.rf.af2df5f0681e27fe8d2ac9920956cf1b.jpg, 0, 1
63_jpg.rf.a907751e387ab5e0b9ebf6bcabf3cc20.jpg, 0, 1
augmented_image_239_jpg.rf.a7d34b14168a4ac480f3346c787e5f58.jpg, 0, 1
augmented_image_35_jpg.rf.a7821f7a4816a608e19d6749c7612b8b.jpg, 0, 1
262_jpg.rf.a71b395ec0f7b212ea7166fe980ec27c.jpg, 0, 1
248_jpg.rf.ad241977d945039bcc86e398ce75caf1.jpg, 0, 1
377-with-mask_jpg.rf.ab5b670995a21b0b4855df3393c0bc8a.jpg, 1, 0
422-with-mask_jpg.rf.ac8d1ef48d60cf42ee2e9a993869204f.jpg, 1, 0
287_jpg.rf.aeeccfd2d676c22ecf8a3810366e5a34.jpg, 0, 1
395-with-mask_jpg.rf.ac66a0afcadc5e5e7c043391f1d17367.jpg, 1, 0
augmented_image_16_jpg.rf.affe66184f3bdfbc346d2a5cf200a1ec.jpg, 1, 0
augmented_image_135_jpg.rf.afb8fe53b06f3eb27940f9aa5a6d75cb.jpg, 1, 0
179-with-mask_jpg.rf.af9d56880460c056a39958076c85dc57.jpg, 1, 0
augmented_image_312_jpg.rf.afca721f1bfc29f6d56202cbb52b6ffe.jpg, 0, 1
300_jpg.rf.afce81023a3b6ffb201dcdf1d86a8a28.jpg, 0, 1
augmented_image_1_jpg.rf.a860af3ade41f66b12a33f09358fea29.jpg, 1, 0
430-with-mask_jpg.rf.b03eee7a8e52d38727c7a868ce40aee1.jpg, 1, 0
augmented_image_90_jpg.rf.b0975abfac7d78bfb48cdd9c82a8eaa4.jpg, 1, 0
211-with-mask_jpg.rf.b0a185a9e54d941ba231c4292b430b39.jpg, 1, 0
196-with-mask_jpg.rf.b0c427bcfb4632d511b3aee74ee8d24d.jpg, 1, 0
146_jpg.rf.b12c8ffc36e3d829986cc8b7095f0931.jpg, 0, 1
386-with-mask_jpg.rf.b1df8071c2410def50bea829d37a1f8d.jpg, 1, 0
276_jpg.rf.b1efc6d029d7d535e947503be8719f43.jpg, 0, 1
256_jpg.rf.b263d8c97047acc0c3491c80f41121c0.jpg, 0, 1
303_jpg.rf.b30ba53c86434fb0384fdd0e6c9f4352.jpg, 0, 1
456-with-mask_jpg.rf.b31659e24896e2f261c8ac93a23dad71.jpg, 1, 0
augmented_image_59_jpg.rf.b39e09acab9e42ee93550d61cb45dcc7.jpg, 1, 0
456_jpg.rf.b4b6f91861094d8147e8eb9e45a8b6a6.jpg, 0, 1
351-with-mask_jpg.rf.b63b5f62e07781b11351d9f0a3e5543f.jpg, 1, 0
192_jpg.rf.b6bba91cfb58f094e61ecec61c662342.jpg, 0, 1
425_jpg.rf.b60d2b5a5cd91b85e35f85706e4996c9.jpg, 0, 1
augmented_image_67_jpg.rf.b6d50282f6fe6b540c6c821febd4920d.jpg, 1, 0
330-with-mask_jpg.rf.b7653926641040a65df4ebc3a2d3f8fd.jpg, 1, 0
augmented_image_217_jpg.rf.b7c3533866d20836cd37e912a3e7d575.jpg, 1, 0
augmented_image_277_jpg.rf.b75c106a8dbab6a4400b2ed94aed4ae8.jpg, 1, 0
221-with-mask_jpg.rf.b78775d061436d65766610690ec7e4af.jpg, 1, 0
180_jpg.rf.b82b5c7b221d54c0ed4a3194f869befe.jpg, 0, 1
422_jpg.rf.b86595f11148d81a4886503188b5751a.jpg, 0, 1
34_jpg.rf.b9e1d8932621455f754ad41e7bcb62c2.jpg, 0, 1
414_jpg.rf.b9d4036c177eaeac59068432a54c399c.jpg, 0, 1
augmented_image_129_jpg.rf.ba5d3dca3f6310b9eec73c0cd9632e85.jpg, 1, 0
125_jpg.rf.b92c29a4428817e7007355109ae0a3c2.jpg, 0, 1
345_jpg.rf.bd7db0af81862018b4e42b184a40d09e.jpg, 0, 1
augmented_image_106_jpg.rf.ba3caa4f730c59a81abf81a4f686b1bc.jpg, 1, 0
augmented_image_257_jpg.rf.c08dc664e0e2272cd7d8de5b53960e19.jpg, 1, 0
397_jpg.rf.ba7c20a509f422e0b1d85e08b434f8c9.jpg, 0, 1
augmented_image_21_jpg.rf.be3e485e8cb239a0532f33b322aa7c28.jpg, 0, 1
226_jpg.rf.c07f6f3eaf60e397bcf80080b1a9f341.jpg, 0, 1
augmented_image_109_jpg.rf.bbd1279b8e5f376ddb58b39d7605fed7.jpg, 0, 1
178_jpg.rf.ba35b5480bb0d10d4fb56a7664558d87.jpg, 0, 1
augmented_image_128_jpg.rf.c125f8c278860e6c9b56d652756ce49c.jpg, 0, 1
172-with-mask_jpg.rf.bdfa3cb982a742646975d7c2c6d3ea88.jpg, 1, 0
augmented_image_241_jpg.rf.bcd772c4cb1d5bd465bf391a27e459d4.jpg, 0, 1
augmented_image_36_jpg.rf.baff76cfab292dfa9f70fca740bc64b3.jpg, 0, 1
282_jpg.rf.bafc70a58010f67bb806ca62cf4e8fdb.jpg, 0, 1
457-with-mask_jpg.rf.bb6360e7e9cdc77d959b6fc0c37c07b7.jpg, 1, 0
augmented_image_47_jpg.rf.c06a3c34b95fb6eb44153d4b5bf43590.jpg, 1, 0
447-with-mask_jpg.rf.bfb5141fba1c9b84239d43e84c38590d.jpg, 1, 0
augmented_image_100_jpg.rf.be924ad82e64ada83fbfd4499a2a5a61.jpg, 0, 1
385_jpg.rf.c0f70d729d3b97e6b2869ea739f42ebe.jpg, 0, 1
254_jpg.rf.c19d66ec98084ee38bfadfd7b9e3fe79.jpg, 0, 1
440_jpg.rf.c17608e5a0f121e3d862defe6130886c.jpg, 0, 1
augmented_image_18_jpg.rf.c242e2b8546fa2a6fdec32aad7545b17.jpg, 0, 1
augmented_image_92_jpg.rf.c20b6fad48f716f7a8b0dfdf14fc958f.jpg, 1, 0
augmented_image_291_jpg.rf.bc819de1e1c2af69a1e4381ef3955bff.jpg, 0, 1
335_jpg.rf.bf98a66965f65bd90e34e06135aaa545.jpg, 0, 1
176_jpg.rf.bdf9cf5a6b946ec6b25cbc8382773783.jpg, 0, 1
augmented_image_94_jpg.rf.c25f1fe9920bbdeb469c55314a0381ef.jpg, 1, 0
augmented_image_211_jpg.rf.c28a0830d19bebfd713bfb399283930e.jpg, 1, 0
360_jpg.rf.c750f4a11ffde603cf510eb363794aab.jpg, 0, 1
48_jpg.rf.c34c2ddbdb97e3c46ca67e9e9f7a6fdf.jpg, 0, 1
augmented_image_116_jpg.rf.c3488d31ab0dac72ff67c1a14d977a52.jpg, 0, 1
393-with-mask_jpg.rf.c2bb2097dda6eef9d36bae594fbcb3f8.jpg, 1, 0
469_jpg.rf.c76c4b8306455d1e649ee08dd5a1bdd2.jpg, 0, 1
43_jpg.rf.c4162f67f2cf6c2557818f2deda02d40.jpg, 0, 1
399_jpg.rf.c693c8d4370b5d7c935b1a43ed458da2.jpg, 0, 1
augmented_image_161_jpg.rf.c2b28f5be19cbf9430a5cac61a26205c.jpg, 0, 1
59_jpg.rf.c5773e733a160297447f458413364167.jpg, 0, 1
365-with-mask_jpg.rf.c7dd2983272632491b1f6f5c9f40813a.jpg, 1, 0
124-with-mask_jpg.rf.c6641eb48b2152c07bd10b9442dabcce.jpg, 1, 0
431-with-mask_jpg.rf.c8b597eb09137c54d0d23335dcb83654.jpg, 1, 0
463-with-mask_jpg.rf.c502b69896d79eb99a0de8c92bb025df.jpg, 1, 0
122-with-mask_jpg.rf.c7e48d4c1c4c6dac8f54fe87d2a9ebed.jpg, 1, 0
156_jpg.rf.c88f71d962a5dba9691397f4a631baf3.jpg, 0, 1
464-with-mask_jpg.rf.c51299eda26dcef33875b08df2bb14a0.jpg, 1, 0
51-with-mask_jpg.rf.c783b4c3f371f87d046ee398e0e25f24.jpg, 1, 0
79-with-mask_jpg.rf.c42929f6113412c00ba84544cac6dafb.jpg, 1, 0
401_jpg.rf.c833d1cd3d6b66176916bf783a901e32.jpg, 0, 1
460-with-mask_jpg.rf.c6958495e8bbc295f9315ce08c871865.jpg, 1, 0
71-with-mask_jpg.rf.c5ba0f66d7669b77c5e7a9eb49376a30.jpg, 1, 0
augmented_image_181_jpg.rf.c7745784e4a0d52ad41cbf768b84e0f0.jpg, 0, 1
119_jpg.rf.c9e4d1ed25b5b56ac1fa1c25846f9d04.jpg, 0, 1
454_jpg.rf.ce2f523277ac3006a711b10b0a9972d7.jpg, 0, 1
316-with-mask_jpg.rf.cc9496b7d2f5e05376987312dcbfffd6.jpg, 1, 0
augmented_image_267_jpg.rf.cc8db61b0b6d298a95e44690b7c97c44.jpg, 0, 1
21-with-mask_jpg.rf.cdce736e24b51358c6af76162afbde85.jpg, 1, 0
augmented_image_153_jpg.rf.ca7c0e263f4f8f09427486a3242bf4c7.jpg, 0, 1
115_jpg.rf.c8b0c8f3cc242c039852f8a66c2271b2.jpg, 0, 1
augmented_image_157_jpg.rf.be8b8221fb66ca8288bacfce8ae79952.jpg, 0, 1
51_jpg.rf.cb9bbdbd93a58e433268dafd654dd9c5.jpg, 0, 1
89-with-mask_jpg.rf.c912da1c0003302b1830a8a62e3d2bc0.jpg, 1, 0
augmented_image_159_jpg.rf.cd3fc1e582d5ac6086608fb9c354068d.jpg, 1, 0
111-with-mask_jpg.rf.ccb5e99ff666f719e3b934dcbf1470cb.jpg, 1, 0
217_jpg.rf.ca25e11b89d8d9e4b3ba32fb81206a96.jpg, 0, 1
473-with-mask_jpg.rf.c9d2b47c449f1907b8069634911097b5.jpg, 1, 0
349-with-mask_jpg.rf.ce8c2c704bea233f68328e0f03a6bc0b.jpg, 1, 0
315_jpg.rf.cde62ca942e14ca22ecf1d7945c5e32e.jpg, 0, 1
augmented_image_1_jpg.rf.cd9359f8e70afdfa0ccaca9e39d19052.jpg, 0, 1
augmented_image_61_jpg.rf.cb7f8e40017cf2dac049418040154665.jpg, 1, 0
augmented_image_281_jpg.rf.cd81500d2f553e2c2ee7a2bbe9709ce9.jpg, 1, 0
augmented_image_299_jpg.rf.ceb06b862a99e981355b94d372d8154b.jpg, 1, 0
augmented_image_126_jpg.rf.c97fa0abb5a2abd2be09d78cbe4c912d.jpg, 1, 0
308_jpg.rf.ce92bcd93b690bcfaff7b930722f5ec7.jpg, 0, 1
augmented_image_168_jpg.rf.cf157dc8c679113c9170beb841b1ff57.jpg, 0, 1
augmented_image_206_jpg.rf.cffa42b477eb03008c6a77be88ee00a3.jpg, 0, 1
pra1_jpg.rf.cb792b2daeae9b6e092e3d7a47ad4be1.jpg, 1, 0
307_jpg.rf.c999af76abc4f862b853d2d1fc6eb175.jpg, 0, 1
14_jpg.rf.d075cd1e621d46c3fecf3a2e3ba3454d.jpg, 0, 1
404_jpg.rf.cffe6fb4d5fc2766a46b82a1c3946bde.jpg, 0, 1
augmented_image_124_jpg.rf.cf70bf134fbf721afc54bdf5f1cb339c.jpg, 0, 1
117-with-mask_jpg.rf.d00d55180c71b62cb28d79b27e111a84.jpg, 1, 0
225-with-mask_jpg.rf.d04bb904338428fae57f4c0840749323.jpg, 1, 0
406_jpg.rf.d12b4554f8808814b584f373a5d55522.jpg, 0, 1
pra3_jpg.rf.d05f6040eecb97ef4e1090de0b0bec68.jpg, 1, 0
338-with-mask_jpg.rf.d134ca90b961470d1829109d6217dab8.jpg, 1, 0
augmented_image_40_jpg.rf.c9a089d633f73d4cf8e6f9e4fbb946e1.jpg, 0, 1
augmented_image_183_jpg.rf.d0d86f58e029beee957473fb0df8dee6.jpg, 1, 0
358-with-mask_jpg.rf.d09af99ad4a8b93f736e1436066fef18.jpg, 1, 0
41-with-mask_jpg.rf.cf6dad5f043333dc016b26c297a72b2d.jpg, 1, 0
augmented_image_115_jpg.rf.cf4c1f125fb776f2ed891c9165cee218.jpg, 0, 1
285_jpg.rf.d0930b5c5f2e3d8e901b73ebb2de1677.jpg, 0, 1
303-with-mask_jpg.rf.d227e26232ba3ff7438eb960a683b8a4.jpg, 1, 0
355-with-mask_jpg.rf.d1777d4e8b6559bac5719d549ef17806.jpg, 1, 0
154_jpg.rf.d15dad386229e839b75b4f368a94485f.jpg, 0, 1
275_jpg.rf.d1bc4521df4868689e49f7b055309ded.jpg, 0, 1
augmented_image_311_jpg.rf.d6352d36cd3daad18c0e889e0e6ee5ba.jpg, 0, 1
379-with-mask_jpg.rf.d312fb46315f081b0950d9df352e4448.jpg, 1, 0
185_jpg.rf.d4c074d44c70233fe8ef8c7b8971eb1a.jpg, 0, 1
augmented_image_186_jpg.rf.cf5cf9b5c9a82ae60a03098aeaf59c8e.jpg, 0, 1
423_jpg.rf.d396d81061525dd8dcc2b38fe4b52a97.jpg, 0, 1
141-with-mask_jpg.rf.d0da18b5072dd49851e6bc1042427802.jpg, 1, 0
319_jpg.rf.d5eee77dff486878e37d62d1e9f6f4b2.jpg, 0, 1
augmented_image_129_jpg.rf.d2dfff7c8bc00b81ba0cb5ae325b18fe.jpg, 0, 1
127-with-mask_jpg.rf.d5581f65600f860081ad8c18dd6d6db7.jpg, 1, 0
augmented_image_95_jpg.rf.d51d9f22146f53dbe3edf4bbad723074.jpg, 0, 1
30-with-mask_jpg.rf.d1717cd4500699b0974dda85f85d45a0.jpg, 1, 0
425-with-mask_jpg.rf.d6bd1bdcc9d6cc36074209c2f9ea4d5e.jpg, 1, 0
126-with-mask_jpg.rf.d7229ebdef7a557efb78db444811f912.jpg, 1, 0
augmented_image_6_jpg.rf.d8149f2d9a9f8e042645eaee364b92c2.jpg, 1, 0
augmented_image_74_jpg.rf.d88c85715032f2f4d33234ae6d75a5ed.jpg, 0, 1
augmented_image_236_jpg.rf.d6947ab61abf9a8dc216a54a60b09bc1.jpg, 1, 0
augmented_image_122_jpg.rf.da6e6f0100f54bb3d481017fb610022c.jpg, 1, 0
50_jpg.rf.d8ad48a109f43738dfe14eec4627af33.jpg, 0, 1
42_jpg.rf.d74d73843c3b28a52876acc358633a21.jpg, 0, 1
augmented_image_207_jpg.rf.d7e84154c23be244b050c8b93daf25c1.jpg, 0, 1
augmented_image_126_jpg.rf.d8851ee27f22589d23df8016dddd242a.jpg, 0, 1
419_jpg.rf.da2380ec9dc112db9beee69465c9c7ab.jpg, 0, 1
augmented_image_86_jpg.rf.d7516a50f8ef7b64a4de8151da26fc18.jpg, 1, 0
408-with-mask_jpg.rf.d9e583c0965a99c59f241f27dbd06810.jpg, 1, 0
augmented_image_282_jpg.rf.d92f230bde7b1961d6f3c1e19e0d0bb6.jpg, 0, 1
312_jpg.rf.d95a11e9ee8b3b136b9a2afc050b3832.jpg, 0, 1
444_jpg.rf.d77429342711e5d99f70f95ec341fb40.jpg, 0, 1
40-with-mask_jpg.rf.d799a71ee6bc6843b1099e3eb2651450.jpg, 1, 0
411_jpg.rf.d644cba1558a83a7d8e198f934864242.jpg, 0, 1
397-with-mask_jpg.rf.d9febc9b0214e2311f2578bc6be97547.jpg, 1, 0
118-with-mask_jpg.rf.d0866d726fe9b67e69b375fbdebb1867.jpg, 1, 0
augmented_image_139_jpg.rf.db5c0e3c5653930e3d6b676013e6f7b9.jpg, 0, 1
augmented_image_213_jpg.rf.d84b512a2f0329d0c73feef95223d541.jpg, 1, 0
189-with-mask_jpg.rf.db6c7aafc91f807a646ed9bf419de9e4.jpg, 1, 0
augmented_image_165_jpg.rf.dd6258a1503c01c165d7cebefc888020.jpg, 0, 1
augmented_image_148_jpg.rf.db333ec10e11d41befc008f9ca39b697.jpg, 1, 0
67-with-mask_jpg.rf.db817ce92f5c2a0c98c26fc6d8925770.jpg, 1, 0
augmented_image_60_jpg.rf.da1e534248dd5edcaac9b1643716abb7.jpg, 0, 1
45-with-mask_jpg.rf.de9210ea658dc09e53d1f6781906663a.jpg, 1, 0
augmented_image_118_jpg.rf.daa8209039b4ace211942e0b2e9a5708.jpg, 1, 0
169-with-mask_jpg.rf.dbcd64331194176c4450eb1245a4dd22.jpg, 1, 0
186-with-mask_jpg.rf.dbd02ed3b27f5a649a87ddf48392a969.jpg, 1, 0
augmented_image_270_jpg.rf.e01266eb67ef103921338a675d055134.jpg, 0, 1
augmented_image_220_jpg.rf.dec1fa2fa7ec4bf77a1b2f386b03098a.jpg, 1, 0
173-with-mask_jpg.rf.e44e22e077bb01be4c2f0158a1020330.jpg, 1, 0
4-with-mask_jpg.rf.df63c0068cb8449a1f683ff185813218.jpg, 1, 0
augmented_image_50_jpg.rf.e2e1e6772f4ed5e1ef2e041e67ee750a.jpg, 1, 0
118_jpg.rf.dde9a5b7d97655de198e21eeb40855fb.jpg, 0, 1
19_jpg.rf.e420f5d60cf1ce8a98bc5583394a0c93.jpg, 0, 1
90_jpg.rf.e34cc0ca4c61255c2c775beb72cc6e1d.jpg, 0, 1
61_jpg.rf.e37c3f612707e3bd2386bc55c4ee0e5b.jpg, 0, 1
5-with-mask_jpg.rf.e3f76c07808cd2fc058b3f5d8f07f18b.jpg, 1, 0
429-with-mask_jpg.rf.dccab5af48905b63c226411d2368c15d.jpg, 1, 0
416-with-mask_jpg.rf.df0e58fca0bedc3a3ef87e5382f2009f.jpg, 1, 0
45_jpg.rf.e3b5a8108ee1ee29b9f43b801105fecc.jpg, 0, 1
110-with-mask_jpg.rf.e1e0e1bf902e1fd4c10b07a9e48d5bb8.jpg, 1, 0
augmented_image_155_jpg.rf.dbe7b2045e6e376a344e4a2d4d55636d.jpg, 0, 1
33-with-mask_jpg.rf.dec2bb4f1ed9e7ffcc9a031a9b88a37d.jpg, 1, 0
301-with-mask_jpg.rf.e3c54f2f387caf444416aa8a0a3299ac.jpg, 1, 0
augmented_image_201_jpg.rf.e44a4c0915fa5d931f14a68b043d440a.jpg, 1, 0
379_jpg.rf.e65679b804c0613217b1f0405813ef4e.jpg, 0, 1
332_jpg.rf.e36b9d62cf7da05cc756e877023f03de.jpg, 0, 1
72-with-mask_jpg.rf.e466847d6cd3c55841ec96d566437e86.jpg, 1, 0
50-with-mask_jpg.rf.e6a3329d07c9b37a69d11afb39148a8e.jpg, 1, 0
376_jpg.rf.e7862ec50c40bad960812b77716d25b3.jpg, 0, 1
augmented_image_86_jpg.rf.e623191d0e24d00706e65a7b8487eaa1.jpg, 0, 1
augmented_image_131_jpg.rf.e5abf3783172cd31d800d14f18640c30.jpg, 0, 1
116-with-mask_jpg.rf.ea591d1473017e699fe47830185ef394.jpg, 1, 0
31_jpg.rf.e7cc06c3dca8cb18bf209650061198cf.jpg, 0, 1
augmented_image_48_jpg.rf.e76f52b0eb69c707e25f90dcc1de2d02.jpg, 1, 0
386_jpg.rf.e8b732eed8665624d512e18de476967d.jpg, 0, 1
augmented_image_132_jpg.rf.e760c3fa973c82e7d8a47495060b372d.jpg, 1, 0
augmented_image_2_jpg.rf.e6b254f6f4bf515b5fa0b2cf29e645ea.jpg, 0, 1
224_jpg.rf.e90bdf4faa87fae35ee18057e73ff0ad.jpg, 0, 1
194_jpg.rf.e2449bc626df313c7685a624b5ab8e5b.jpg, 0, 1
108_jpg.rf.ea15fdf86c67299cc31a0474f7ff3e99.jpg, 0, 1
391-with-mask_jpg.rf.eab09824bf3b3f932b151a4575e211ff.jpg, 1, 0
augmented_image_89_jpg.rf.e6c508cd8ff2f44a51e95a2d358fb272.jpg, 1, 0
174_jpg.rf.e8cc5192cccac615b5bf660aa754d011.jpg, 0, 1
414-with-mask_jpg.rf.ec31ad6c0dd757f7813c1f17497eef95.jpg, 1, 0
390_jpg.rf.e8f45dc7a02acaaf8cbbc9277cf75a31.jpg, 0, 1
augmented_image_160_jpg.rf.e8a67f5932e0392f1b5af94c93c6df41.jpg, 0, 1
477_jpg.rf.e8d852bc339f5a5d27793b2198347d38.jpg, 0, 1
446-with-mask_jpg.rf.e9b4836089d9356b75ccd3646126b581.jpg, 1, 0
389_jpg.rf.e5ea309f29fffdbf4d09b07a17e64c42.jpg, 0, 1
100_jpg.rf.e4f6295885a763fbb427a73ee0a9198c.jpg, 0, 1
441_jpg.rf.e6ea061fcaecc32c98064dc7e6e82e31.jpg, 0, 1
augmented_image_269_jpg.rf.e800147de51cc1733cd463434c31d416.jpg, 0, 1
augmented_image_310_jpg.rf.ead17fe1613d7f582be7055f0dd7491f.jpg, 0, 1
augmented_image_105_jpg.rf.eaad02456e93c119d494c5dac6586402.jpg, 1, 0
201_jpg.rf.ecad4ed35cd2a3b01fd0ccce6d5e56c0.jpg, 0, 1
64-with-mask_jpg.rf.efd32bfe84420d8415a6b0d16e0fb373.jpg, 1, 0
augmented_image_198_jpg.rf.eef3417457543f8a8bc13b092b8ff71b.jpg, 0, 1
375-with-mask_jpg.rf.eaddc91b44259ed1d1abad023669ae3b.jpg, 1, 0
324-with-mask_jpg.rf.eb1a8939a6de97815abc0b2170aad31b.jpg, 1, 0
152_jpg.rf.eea79c288bc8f660da7844a3a6ac5fb3.jpg, 0, 1
119-with-mask_jpg.rf.ecfa92eb9571e8461f76a794a64cf320.jpg, 1, 0
136_jpg.rf.eddc490a3b807f09be87dd19ca63468d.jpg, 0, 1
427-with-mask_jpg.rf.ec96988453a92fd34fff42a5ac0f8061.jpg, 1, 0
augmented_image_99_jpg.rf.f139e8704cf67c4e9350113574c5bf5e.jpg, 1, 0
augmented_image_56_jpg.rf.f2883e2052dea9268c0a8ef42a196336.jpg, 1, 0
augmented_image_210_jpg.rf.efa3a85882c1a6e872f1e6365799fdd0.jpg, 0, 1
111_jpg.rf.f11304273832dac8d507eb42d810725c.jpg, 0, 1
436_jpg.rf.efb5d1031d162b9bb387c6941ed79cc3.jpg, 0, 1
263-with-mask_jpg.rf.f06d6e3c4bf0f63ff57531ee0db42821.jpg, 1, 0
325_jpg.rf.ef7d538fa0199112eb524e5453c18a2a.jpg, 0, 1
augmented_image_120_jpg.rf.ed3e557be72dec9064f5388cf15b2051.jpg, 1, 0
364-with-mask_jpg.rf.f275b4db90e285864a7ff579421cfc0b.jpg, 1, 0
augmented_image_3_jpg.rf.ef9935f048e27bea38668d51c227dd09.jpg, 1, 0
augmented_image_227_jpg.rf.f262de0fd9181e2aabf47ef9a78a5458.jpg, 0, 1
30_jpg.rf.f238dd511971387b2eb941ff412d4098.jpg, 0, 1
476_jpg.rf.f2bcce71d711c45b2f34e4d88dc68ea5.jpg, 0, 1
266_jpg.rf.f652a4dd9b39f48aa6cda457d4c47205.jpg, 0, 1
227-with-mask_jpg.rf.f3ad930ed3491a434766bd100faa22cf.jpg, 1, 0
42-with-mask_jpg.rf.f63466aa2b2467bcb5de82e606e081f6.jpg, 1, 0
augmented_image_133_jpg.rf.f41e834731aeb62b56f6fd07b138009c.jpg, 0, 1
410_jpg.rf.f3829fdb1718313ce37aa34daf1f2cc1.jpg, 0, 1
73-with-mask_jpg.rf.f6ef0f3ea43ef7d1b7503e47760ca365.jpg, 1, 0
augmented_image_194_jpg.rf.f8308ea21e6b36e529afe16b1920a2ba.jpg, 0, 1
augmented_image_40_jpg.rf.f58c12b0741256681710ab75a99615b0.jpg, 1, 0
augmented_image_41_jpg.rf.f6ba15882ab81d5cb1d14b1e3a07b3ee.jpg, 0, 1
264_jpg.rf.f5ed0cdba71c5a58365c75a69b371f38.jpg, 0, 1
223-with-mask_jpg.rf.f416822758bed75c03445cbfa9f7317f.jpg, 1, 0
311-with-mask_jpg.rf.f6a957684725a310eee0b1941c4133ea.jpg, 1, 0
438_jpg.rf.f852825854c03a66e75e39ac44f52c16.jpg, 0, 1
82-with-mask_jpg.rf.f68c9ef8a176b5225a34b688e15ceac2.jpg, 1, 0
augmented_image_197_jpg.rf.f6c47b042bf410242926beb888ab2f96.jpg, 1, 0
464_jpg.rf.f2e5825c743c75e8c80b55fb26d99f97.jpg, 0, 1
222_jpg.rf.f42f0f6fe368fc949a92840d908fe048.jpg, 0, 1
356-with-mask_jpg.rf.f6b988e902d486e62df560933e04279f.jpg, 1, 0
augmented_image_262_jpg.rf.f14c7934f271143d0a3f3fa999f5389b.jpg, 0, 1
237_jpg.rf.00425f96886cd8ba95b4a76d09c18c6e.jpg, 0, 1
298_jpg.rf.002efd6495d8748ab19a9bde96479e2a.jpg, 0, 1
430_jpg.rf.00a10d1c17cc1c3c0cd9f5ac4f488401.jpg, 0, 1
38-with-mask_jpg.rf.00fa25f920f066f26261ad52e8b9d8c0.jpg, 1, 0
augmented_image_90_jpg.rf.015d28223e4f10ab1d1866efd0221021.jpg, 0, 1
augmented_image_319_jpg.rf.01d759eab18f8cd14bb454acfc81aa8d.jpg, 0, 1
augmented_image_143_jpg.rf.0299e8bd751859c7988edbadeaf48e87.jpg, 1, 0
157-with-mask_jpg.rf.0059d4c095ab1d69287e634667c85405.jpg, 1, 0
354_jpg.rf.012bb01b356aaa457aca44b0cd7f212b.jpg, 0, 1
15-with-mask_jpg.rf.017025c5c2e35c6f80b25fc1b3ee6aa5.jpg, 1, 0
128-with-mask_jpg.rf.03ac01b43bb63d5d0cb19acd750aaa69.jpg, 1, 0
257-with-mask_jpg.rf.04143013777c60b509fd20d495962a75.jpg, 1, 0
augmented_image_303_jpg.rf.037f8da83fef9d820261365b83bb6ae2.jpg, 1, 0
augmented_image_123_jpg.rf.03b081b6adda62be1cc7ce0f8d40c15f.jpg, 1, 0
259-with-mask_jpg.rf.032f3a04d26b547afeb1108cbe53b9f5.jpg, 1, 0
226-with-mask_jpg.rf.04e2474bbbfe1e84d5a454dc7948a78a.jpg, 1, 0
468_jpg.rf.045bd32ec6364e6f2e2be17801658be7.jpg, 0, 1
438-with-mask_jpg.rf.03b228b53f415182de9dfec8d1e85653.jpg, 1, 0
448-with-mask_jpg.rf.04f115318069980534ac5f388a3491f2.jpg, 1, 0
384-with-mask_jpg.rf.04a04b556f97465dedfd85f37f43b528.jpg, 1, 0
276-with-mask_jpg.rf.043ff8f984d814fbe5ff41338ecd6f35.jpg, 1, 0
207-with-mask_jpg.rf.0595bf0045700b57a7a3b8bd97750f79.jpg, 1, 0
augmented_image_179_jpg.rf.0490f313d7ffd1838c6bc6a0f48ae922.jpg, 1, 0
347-with-mask_jpg.rf.0794d7a6b9a812cbd5c1d63e748153fe.jpg, 1, 0
augmented_image_148_jpg.rf.08211149f6a3e9b786942ec22219c03f.jpg, 0, 1
362_jpg.rf.07030f4bc075f2f19ba93d82c7d07793.jpg, 0, 1
96-with-mask_jpg.rf.067459e7a875fc229ea567a1b01cae5c.jpg, 1, 0
augmented_image_237_jpg.rf.02e50ea8bdabaec6906ddf4aacdc4167.jpg, 0, 1
107_jpg.rf.04e8f94e6dbd5e3135ebd211d4309f8a.jpg, 0, 1
augmented_image_230_jpg.rf.0511829c31d36576ada5f043833f6f25.jpg, 1, 0
113-with-mask_jpg.rf.00bc620b69c18dd36f75e930687d079b.jpg, 1, 0
413_jpg.rf.050436bdcb99aec7b90a1d237149216b.jpg, 0, 1
augmented_image_161_jpg.rf.0578397b74eb410c00c5e033c7c47173.jpg, 1, 0
augmented_image_77_jpg.rf.070ba73adfbcb34b3ed529e14003c288.jpg, 1, 0
augmented_image_189_jpg.rf.07e28b41147315046250ff943757101e.jpg, 1, 0
49_jpg.rf.07ee808afad48fad25aa0b2f1b6377a0.jpg, 0, 1
22_jpg.rf.07c36b641cbcf87324b30e7e718bd8cf.jpg, 0, 1
augmented_image_238_jpg.rf.08406923690bf58521ee3d69e0cc2762.jpg, 1, 0
augmented_image_34_jpg.rf.08983293b688b0497c090c7f814d0572.jpg, 1, 0
43-with-mask_jpg.rf.090e8f672f4e55c665cae73bf0239088.jpg, 1, 0
augmented_image_121_jpg.rf.0cbaa4c3217f732a0cf5b6f48061aa8e.jpg, 0, 1
23_jpg.rf.0b3759b55e60f54baed78ce59f6298ed.jpg, 0, 1
388_jpg.rf.0afdc5f77730b267ad3b05e3a9c69144.jpg, 0, 1
166_jpg.rf.0833e4e82e64b68ebc55bbe54a0201f5.jpg, 0, 1
163_jpg.rf.08e612ba8b24996a6bfc22ac8450fb1a.jpg, 0, 1
203_jpg.rf.0e3a3ae1c4f6a9a404f2a63c9b691c2d.jpg, 0, 1
augmented_image_72_jpg.rf.0df71848eeac3fcdfd2debc37c35925c.jpg, 1, 0
augmented_image_265_jpg.rf.0b809c672ed92dea6c9717f6cac6e603.jpg, 1, 0
augmented_image_221_jpg.rf.0bdeb26a65b0d4caa7eabd9e2deda859.jpg, 1, 0
337_jpg.rf.0921672cfa1d88878e4d4b3e1b71c907.jpg, 0, 1
227_jpg.rf.0b4e4901a38ba87f35c39304c625f0c8.jpg, 0, 1
augmented_image_173_jpg.rf.05e36f4a0b6bbecdd2647ab2b01280a1.jpg, 1, 0
401-with-mask_jpg.rf.0d3ac7164f224b1212494cb74341aaa1.jpg, 1, 0
129-with-mask_jpg.rf.0afae3ea406f6207fe84e60309d93eaf.jpg, 1, 0
96_jpg.rf.0cbf741ac56fb71c23730dd6d9d4e9df.jpg, 0, 1
augmented_image_258_jpg.rf.11035cf4231ecdc9c6f81c8971ffad62.jpg, 0, 1
augmented_image_130_jpg.rf.0a28fbcaeb05d9020d02bd62060f806b.jpg, 0, 1
405-with-mask_jpg.rf.1003e253c0306e88223b67b74a82afd0.jpg, 1, 0
449_jpg.rf.1138c9ddb4e5851abae4ff6a73c1b2aa.jpg, 0, 1
augmented_image_234_jpg.rf.0cf603cc6b2229fb221d58179ef78620.jpg, 0, 1
9-with-mask_jpg.rf.1197a64a7a658be8ae50136d1ffb4b6f.jpg, 1, 0
augmented_image_13_jpg.rf.0fff98c897f742e0bdcff4025bd11963.jpg, 0, 1
augmented_image_125_jpg.rf.10368cbb2c2e326ee80d7ebb2b0afeb0.jpg, 0, 1
331_jpg.rf.0fc62134f984a59b4451c2d3907e424e.jpg, 0, 1
augmented_image_65_jpg.rf.12b161d059438c9c6f08ee2072d86d7e.jpg, 0, 1
346-with-mask_jpg.rf.0e76de77cfc88d28b8cbb418a157bab5.jpg, 1, 0
378_jpg.rf.02d25a907d351779a60ad23c79319510.jpg, 0, 1
228_jpg.rf.12f4dd416ed36406a7519c4fc2f8706c.jpg, 0, 1
331-with-mask_jpg.rf.12812afc2b95089c6de1a6c92c7d483f.jpg, 1, 0
augmented_image_270_jpg.rf.1358b7dd9e3b023a41fc935fbb630e9a.jpg, 1, 0
212-with-mask_jpg.rf.17ff64c45bb04e7790e0c440b2892cc7.jpg, 1, 0
augmented_image_284_jpg.rf.143308e554af78d5942dd42b88fc0d3b.jpg, 1, 0
augmented_image_21_jpg.rf.0e2d3e12b36e471da1347e3df7e26f41.jpg, 1, 0
augmented_image_32_jpg.rf.14f9d6d38d74b0d73f173a56100d237b.jpg, 1, 0
augmented_image_4_jpg.rf.11d40815fe7e58bc97fd9c8c65fc7ab7.jpg, 0, 1
395_jpg.rf.15cd1b68027a1f16012b9d4ae7e05490.jpg, 0, 1
augmented_image_222_jpg.rf.137191de321a402d4199d85bbc2ab557.jpg, 1, 0
augmented_image_114_jpg.rf.16a5d85b91aefaf5b6837e23a77439bb.jpg, 1, 0
260-with-mask_jpg.rf.11cae388270e05299fe4640fb0c6d998.jpg, 1, 0
195-with-mask_jpg.rf.17c0da4fe27432d0dc9f8de965a44ec0.jpg, 1, 0
109_jpg.rf.191141465927a4f49631a4b4670392a3.jpg, 0, 1
186_jpg.rf.1523e3f7f87d40b6a388c603aa0e3638.jpg, 0, 1
417-with-mask_jpg.rf.19a4318b9127344afdba289574babc00.jpg, 1, 0
augmented_image_147_jpg.rf.18bbbdd796c0761a4d3a5da4581653f6.jpg, 1, 0
318_jpg.rf.136d9684599d060b75472110775350a3.jpg, 0, 1
20_jpg.rf.156460efbb3a8d408be23e536468caa6.jpg, 0, 1
augmented_image_177_jpg.rf.0f5e35f7e9a06a76a4af4d4818b99882.jpg, 0, 1
augmented_image_44_jpg.rf.1a3285238d51ced936d97b66b09ca3c6.jpg, 1, 0
193_jpg.rf.18eae7e90d953fb47a28885971e9b090.jpg, 0, 1
277-with-mask_jpg.rf.135956a1b053f3d6bf542009c1e8042c.jpg, 1, 0
augmented_image_186_jpg.rf.1943dad64a79675c0f684d70c342ff22.jpg, 1, 0
394-with-mask_jpg.rf.130335448604628fe0eda6255db9b209.jpg, 1, 0
augmented_image_244_jpg.rf.17ab6fcbe0da4b6b5fe6da8fd2c44a9e.jpg, 0, 1
103-with-mask_jpg.rf.1a3ceb426366043b72698792a4179d29.jpg, 1, 0
317-with-mask_jpg.rf.1a2a9cb735607f33ff82884c73949347.jpg, 1, 0
241_jpg.rf.1b9b17fe35eaa754c01c9bff77b712f8.jpg, 0, 1
augmented_image_175_jpg.rf.1cf7e535258f1655ea57a368d39a45bc.jpg, 0, 1
252-with-mask_jpg.rf.19289b440ddc95a6b2f54f4e37b0ff73.jpg, 1, 0
augmented_image_154_jpg.rf.1814a294c7db0784ae3b51edb34a19f4.jpg, 0, 1
462-with-mask_jpg.rf.1ab32793397c20fa159fb6c311de89f4.jpg, 1, 0
augmented_image_51_jpg.rf.18e6e5604cdd3b8be5952fc09f5b62d7.jpg, 1, 0
12-with-mask_jpg.rf.180e99d0ee7141065c8091dd47ff1612.jpg, 1, 0
augmented_image_245_jpg.rf.1ac667e204848fc8ec675abc1f708c50.jpg, 1, 0
4_jpg.rf.1ba5f5872b88bc837411acf347894d42.jpg, 0, 1
299-with-mask_jpg.rf.1aca29882599e90f19e6ab0f2b32da19.jpg, 1, 0
350_jpg.rf.1d489387a47e908d6e1ca7900d24462a.jpg, 0, 1
augmented_image_252_jpg.rf.1e0d1e3698752e73ca45c5d605ca3b98.jpg, 0, 1
augmented_image_177_jpg.rf.1d1d679de1ca049ee8d5b1acf5a20c8a.jpg, 1, 0
augmented_image_171_jpg.rf.1a45cb2f6781b18f043c032ba4b2cab0.jpg, 0, 1
augmented_image_85_jpg.rf.1ddd2252656d2f7be57871488ac41787.jpg, 0, 1
augmented_image_204_jpg.rf.1ff4769cd5adec982cde20555bf67e34.jpg, 1, 0
augmented_image_318_jpg.rf.1fa8234024dc3d28f884bb0af8e638cb.jpg, 0, 1
augmented_image_262_jpg.rf.1d69fcb3e3b849c45a015dbe2762215f.jpg, 1, 0
194-with-mask_jpg.rf.1c10f0c656dd822325e2259b2a31f2dc.jpg, 1, 0
85-with-mask_jpg.rf.1acc848cea7cb7eeb9ef797bb1db2188.jpg, 1, 0
95_jpg.rf.1b0c2e9f35d11d898ed45c860ca8f4b8.jpg, 0, 1
232-with-mask_jpg.rf.2103190d7d8a7074a6649b26a08dd503.jpg, 1, 0
augmented_image_63_jpg.rf.1eb51416f136000a11905f8ab3806004.jpg, 1, 0
augmented_image_114_jpg.rf.21331b1e6fbd6c0c331ad89715bbe1bb.jpg, 0, 1
augmented_image_210_jpg.rf.202ce56c8421cc6a4684c43e7acbc0ed.jpg, 1, 0
268-with-mask_jpg.rf.1faf3c4dc0c472f4cb80313a07991b25.jpg, 1, 0
augmented_image_273_jpg.rf.1ee01b829636581bc97301a6f342ee17.jpg, 1, 0
336_jpg.rf.212fdbb7dfde2aa392d0c34c2a88c4a4.jpg, 0, 1